{
  "lr0": 0.0006508933606917804,
  "weight_decay": 0.0005934088914896764,
  "hsv_s": 0.5350605846365526,
  "hsv_v": 0.5160084718515613,
  "cls": 0.7782012676852937,
  "box": 0.07996417668794903,
  "mask_ratio": 3,
  "dropout": 0.38775785777349714
}